enemy_girl	1:2	assets/textury/npc/host3.png	Pixel-art game character sprite in exactly the same style as the reference image: same pixel size, same palette, same shading, front view, full body standing, feet touching the bottom edge, character centred and filling about 90% of the height. It is the same young woman from the reference, but something is deeply wrong with her, in a quiet way, like a found 1990s horror game: grey-blue skin, the same black dress now soaked and darker, wet hair hanging over half of her face, arms a little too long hanging straight down, one shoe missing, mud on her legs, her eyes are two tiny white dots, no visible mouth, no cigarette, no handbag. Perfectly still, standing straight, facing the viewer. Background must be flat solid pure magenta #FF00FF everywhere around her, no ground shadow, no floor, no text, no border, no watermark.
enemy_tourist	1:2	assets/textury/npc/host2.png	Pixel-art game character sprite in exactly the same style as the reference image: same pixel size, same palette, same shading, front view, full body standing, feet touching the bottom edge, character centred and filling about 90% of the height. It is the same chubby tourist from the reference, but something is deeply wrong with him, in a quiet way, like a found 1990s horror game: sunburnt skin peeling in grey patches, holding the camera up with both hands so it covers his eyes, the camera flash glowing bright white, a smile that is much too wide with too many small teeth, shirt stained dark, sleeping-bag roll replaced by a dirty rope, standing slightly hunched and too still. Background must be flat solid pure magenta #FF00FF everywhere around him, no ground shadow, no floor, no text, no border, no watermark.
pipe_concrete	1:1	-	Seamless tileable texture, flat orthographic view filling the whole square, no perspective: the inside wall of an old concrete sewer pipe in a 1970s Eastern European summer camp. Wet grey concrete with formwork seams, dark water stains running down, rust streaks from old bolts, patches of green-black slime, a few hairline cracks. Low saturation, slightly dark, gritty, in the style of 1990s Build-engine game textures (Duke Nukem 3D, Redneck Rampage), crisp, no text, no border, must tile seamlessly on all four edges.
paper_map	4:3	-	A blank sheet of old yellowed paper lying flat, seen straight from above, filling the entire canvas edge to edge: faint pale blue graph-paper grid, creases from being folded in four, a brown coffee-ring stain in one corner, small water damage spots, smudged pencil eraser marks, slightly dirty edges. Nothing written on it, no text, no lines drawn except the faint grid, no objects on top of it, no table visible, no border.
tex_gravel_road	1:1	-	Seamless tileable texture, flat top-down orthographic view filling the whole square: an old gravel forest road in rural 1990s Czechoslovakia, grey-brown packed dirt with small crushed stones, two faint tyre ruts, a few pine needles and a puddle-darkened patch. Low saturation, in the style of 1990s Build-engine game textures (Duke Nukem 3D, Redneck Rampage), crisp, no text, no border, no watermark, must tile seamlessly on all four edges.
tex_planks_grey	1:1	-	Seamless tileable texture, flat front orthographic view filling the whole square: weathered vertical wooden planks of an old camp hut, silver-grey sun-bleached wood with dark gaps between boards, rusty nail heads, peeling remains of green paint. Low saturation, in the style of 1990s Build-engine game textures (Duke Nukem 3D, Redneck Rampage), crisp, no text, no border, no watermark, must tile seamlessly on all four edges.
tex_planks_dark	1:1	-	Seamless tileable texture, flat front orthographic view filling the whole square: dark creosote-stained horizontal log-cabin planks of a 1970s Czech holiday chalet, brown-black wood, knots, a little moss in the joints. Low saturation, in the style of 1990s Build-engine game textures (Duke Nukem 3D, Redneck Rampage), crisp, no text, no border, no watermark, must tile seamlessly on all four edges.
tex_corrugated_roof	1:1	-	Seamless tileable texture, flat orthographic view filling the whole square: old corrugated asbestos-cement roofing sheet (eternit) on a 1970s Czech hut, grey with orange lichen spots, moss and dark water streaks along the ridges. Low saturation, in the style of 1990s Build-engine game textures (Duke Nukem 3D, Redneck Rampage), crisp, no text, no border, no watermark, must tile seamlessly on all four edges.
tex_blanket_check	1:1	-	Seamless tileable texture, flat top-down view filling the whole square: a coarse wool blanket from a 1980s Eastern European holiday camp, faded brown and mustard check pattern, slightly pilled. Low saturation, in the style of 1990s Build-engine game textures (Duke Nukem 3D, Redneck Rampage), crisp, no text, no border, no watermark, must tile seamlessly on all four edges.
tex_lino_floor	1:1	-	Seamless tileable texture, flat top-down view filling the whole square: worn 1970s Czech linoleum floor, brown and beige geometric parquet imitation pattern, scuffs and a cigarette burn. Low saturation, in the style of 1990s Build-engine game textures (Duke Nukem 3D, Redneck Rampage), crisp, no text, no border, no watermark, must tile seamlessly on all four edges.
tex_wallpaper_70s	1:1	-	Seamless tileable texture, flat front view filling the whole square: faded 1970s Czechoslovak wallpaper, small repeating brown and ochre floral pattern on yellowed cream, a damp stain. Low saturation, in the style of 1990s Build-engine game textures (Duke Nukem 3D, Redneck Rampage), crisp, no text, no border, no watermark, must tile seamlessly on all four edges.
tex_tiles_bathroom	1:1	-	Seamless tileable texture, flat front view filling the whole square: small square bathroom wall tiles from a 1970s Czech camp washroom, off-white and one row of brown, grey grout, grime in the joints, one cracked tile. Low saturation, in the style of 1990s Build-engine game textures (Duke Nukem 3D, Redneck Rampage), crisp, no text, no border, no watermark, must tile seamlessly on all four edges.
tex_lake_water	1:1	-	Seamless tileable texture, flat top-down view filling the whole square: the surface of a dark forest lake, deep green-black water with faint ripples and a few small floating pine needles and reflections of grey sky. Low saturation, in the style of 1990s Build-engine game textures (Duke Nukem 3D, Redneck Rampage), crisp, no text, no border, no watermark, must tile seamlessly on all four edges.
tex_lake_shore	1:1	-	Seamless tileable texture, flat top-down view filling the whole square: muddy forest lake shore, dark wet sand and mud with pebbles, flattened reeds and pine needles. Low saturation, in the style of 1990s Build-engine game textures (Duke Nukem 3D, Redneck Rampage), crisp, no text, no border, no watermark, must tile seamlessly on all four edges.
tex_window_curtain	1:1	-	Front orthographic view filling the whole square: a small four-pane wooden window of a 1970s Czech holiday chalet seen from outside, brown painted frame with peeling paint, dirty glass, faded orange net curtain inside, dark room behind. Low saturation, 1990s Build-engine game texture style, crisp, no text, no border.
tex_door_wood	1:2	-	Front orthographic view filling the whole canvas: an old wooden chalet door from 1970s Czechoslovakia, brown painted vertical boards with peeling paint, a simple metal handle and keyhole, a small number plate, worn bottom edge. Low saturation, 1990s Build-engine game texture style, crisp, no text other than a single digit number plate, no border.
ico_txt	1:1	assets/textury/crt/icons/email.png	A single desktop icon in the style of the reference image: a late-1990s operating system icon, 32x32 pixel-art look but drawn large, clean dark outline, soft 3/4 perspective, limited 1998 colour palette, slight dithering, centred, filling about 80% of the canvas. Background must be flat solid pure magenta #FF00FF everywhere around the icon, no shadow on the background, no text, no border, no watermark. The icon shows: a plain text document: a white sheet of paper with the top right corner folded and a few grey lines of text.
ico_setup	1:1	assets/textury/crt/icons/email.png	A single desktop icon in the style of the reference image: a late-1990s operating system icon, 32x32 pixel-art look but drawn large, clean dark outline, soft 3/4 perspective, limited 1998 colour palette, slight dithering, centred, filling about 80% of the canvas. Background must be flat solid pure magenta #FF00FF everywhere around the icon, no shadow on the background, no text, no border, no watermark. The icon shows: a software installer: an open cardboard software box with a floppy disk and a CD coming out of it.
ico_html	1:1	assets/textury/crt/icons/email.png	A single desktop icon in the style of the reference image: a late-1990s operating system icon, 32x32 pixel-art look but drawn large, clean dark outline, soft 3/4 perspective, limited 1998 colour palette, slight dithering, centred, filling about 80% of the canvas. Background must be flat solid pure magenta #FF00FF everywhere around the icon, no shadow on the background, no text, no border, no watermark. The icon shows: a web page document: a white sheet with a small blue globe in the corner and blue underlined lines.
ico_image	1:1	assets/textury/crt/icons/email.png	A single desktop icon in the style of the reference image: a late-1990s operating system icon, 32x32 pixel-art look but drawn large, clean dark outline, soft 3/4 perspective, limited 1998 colour palette, slight dithering, centred, filling about 80% of the canvas. Background must be flat solid pure magenta #FF00FF everywhere around the icon, no shadow on the background, no text, no border, no watermark. The icon shows: an image file: a small framed photograph of green hills and a blue sky.
ico_drive	1:1	assets/textury/crt/icons/email.png	A single desktop icon in the style of the reference image: a late-1990s operating system icon, 32x32 pixel-art look but drawn large, clean dark outline, soft 3/4 perspective, limited 1998 colour palette, slight dithering, centred, filling about 80% of the canvas. Background must be flat solid pure magenta #FF00FF everywhere around the icon, no shadow on the background, no text, no border, no watermark. The icon shows: a hard disk drive: a flat beige computer hard drive with a small green light.
ico_floppy	1:1	assets/textury/crt/icons/email.png	A single desktop icon in the style of the reference image: a late-1990s operating system icon, 32x32 pixel-art look but drawn large, clean dark outline, soft 3/4 perspective, limited 1998 colour palette, slight dithering, centred, filling about 80% of the canvas. Background must be flat solid pure magenta #FF00FF everywhere around the icon, no shadow on the background, no text, no border, no watermark. The icon shows: a 3.5 inch floppy disk drive: a beige drive slot with a black floppy disk half inserted.
ico_help	1:1	assets/textury/crt/icons/email.png	A single desktop icon in the style of the reference image: a late-1990s operating system icon, 32x32 pixel-art look but drawn large, clean dark outline, soft 3/4 perspective, limited 1998 colour palette, slight dithering, centred, filling about 80% of the canvas. Background must be flat solid pure magenta #FF00FF everywhere around the icon, no shadow on the background, no text, no border, no watermark. The icon shows: a help book: a closed blue book with a large yellow question mark on the cover.
ico_run	1:1	assets/textury/crt/icons/email.png	A single desktop icon in the style of the reference image: a late-1990s operating system icon, 32x32 pixel-art look but drawn large, clean dark outline, soft 3/4 perspective, limited 1998 colour palette, slight dithering, centred, filling about 80% of the canvas. Background must be flat solid pure magenta #FF00FF everywhere around the icon, no shadow on the background, no text, no border, no watermark. The icon shows: a run command: a small grey window with a green arrow pointing into it.
ico_shutdown	1:1	assets/textury/crt/icons/email.png	A single desktop icon in the style of the reference image: a late-1990s operating system icon, 32x32 pixel-art look but drawn large, clean dark outline, soft 3/4 perspective, limited 1998 colour palette, slight dithering, centred, filling about 80% of the canvas. Background must be flat solid pure magenta #FF00FF everywhere around the icon, no shadow on the background, no text, no border, no watermark. The icon shows: shutting down the computer: a beige computer monitor with a dark screen and a red power symbol.
ico_documents	1:1	assets/textury/crt/icons/email.png	A single desktop icon in the style of the reference image: a late-1990s operating system icon, 32x32 pixel-art look but drawn large, clean dark outline, soft 3/4 perspective, limited 1998 colour palette, slight dithering, centred, filling about 80% of the canvas. Background must be flat solid pure magenta #FF00FF everywhere around the icon, no shadow on the background, no text, no border, no watermark. The icon shows: a documents folder: a yellow paper folder with a white sheet of paper sticking out.
ico_notepad	1:1	assets/textury/crt/icons/email.png	A single desktop icon in the style of the reference image: a late-1990s operating system icon, 32x32 pixel-art look but drawn large, clean dark outline, soft 3/4 perspective, limited 1998 colour palette, slight dithering, centred, filling about 80% of the canvas. Background must be flat solid pure magenta #FF00FF everywhere around the icon, no shadow on the background, no text, no border, no watermark. The icon shows: a notepad program: a small spiral-bound notepad with lined paper and a pencil.
img0043	4:3	-	A faded amateur colour photograph from summer 1987, taken with a cheap Eastern European film camera: a group of about fifteen children and two adult camp leaders posing in front of small wooden cabins at the edge of a dark lake in a Czech pine forest, late evening light, the colours shifted to orange and cyan, film grain, slight blur, a light leak in one corner, a scratched print scanned on a cheap 1990s flatbed scanner. At the far left edge, half in the trees and slightly out of focus, a tall man in a long dark coat and a hat stands facing the camera; nobody in the group looks at him. One small girl in red sandals stands a little apart from the others at the edge of the group, her face blurred as if she moved. No text, no watermark, no borders.
